Workbook

Sheet grade_table
A1: Low | B1: High (exclusive) | C1: Letter
A2: 0 | B2: 59.5 | C2: E | E2: Total grade | F2: Formatives | G2: Sumitives | H2: Quiz
A3: 59.5 | B3: 66.5 | C3: D
A4: 66.5 | B4: 69.5 | C4: D+
A5: 69.5 | B5: 76.5 | C5: C | E5: Number | F5: Letter
A6: 76.5 | B6: 79.5 | C6: C+ | E6: 100 | F6: =VLOOKUP(E6,A2:C9,3,1) -> A
A7: 79.5 | B7: 86.5 | C7: B
A8: 86.5 | B8: 89.5 | C8: B+
A9: 89.5 | B9: 100 | C9: A

Sheet Q1
B1: Formative Grades | E1: Summative Grades | K1: Calculated Totals
B2: Assignment Name | C2: Grade you got | E2: Assignment Name | F2: Grade you got | G2: Points | H2: Points Earned | K2: Formative | L2: Summative | M2: Total
C3: 0.9 | F3: 0.9 | G3: 9 | H3: =IF(OR(F3="",G3=""),"",F3/100*G3) -> 0.081 | K3: =IFERROR(AVERAGE(C4:C10),"") -> 0.81 | L3: =SUM(H:H)/SUM(G:G) -> 0.87852128 | M3: =0.6*L3+0.4*K3 -> 0.85111277
C4: 0.8 | F4: 9000% | G4: 10 | H4: =IF(OR(F4="",G4=""),"",F4/100*G4) -> 9
C5: 0.7 | F5: 90 | G5: 25 | H5: =IF(OR(F5="",G5=""),"",F5/100*G5) -> 22.5
C6: 0.75 | F6: 85 | G6: 25 | H6: =IF(OR(F6="",G6=""),"",F6/100*G6) -> 21.25
C7: 0.85 | F7: 89 | G7: 25 | H7: =IF(OR(F7="",G7=""),"",F7/100*G7) -> 22.25
C8: 0.9 | F8: 75 | G8: 10 | H8: =IF(OR(F8="",G8=""),"",F8/100*G8) -> 7.5
C9: 0.86

Sheet Q2
B1: Formative Grades | E1: Summative Grades | K1: Calculated Totals
B2: Assignment Name | C2: Grade you got | E2: Assignment Name | F2: Grade you got | G2: Points | H2: Points Earned | K2: Formative | L2: Summative | M2: Total
C3: 0.9 | F3: 0.9 | G3: 9 | H3: =IF(OR(F3="",G3=""),"",F3/100*G3) -> 0.081 | K3: =IFERROR(AVERAGE(C4:C10),"") -> 0.81 | L3: =SUM(H:H)/SUM(G:G) -> 0.87852128 | M3: =0.6*L3+0.4*K3 -> 0.85111277
C4: 0.8 | F4: 9000% | G4: 10 | H4: =IF(OR(F4="",G4=""),"",F4/100*G4) -> 9
C5: 0.7 | F5: 90 | G5: 25 | H5: =IF(OR(F5="",G5=""),"",F5/100*G5) -> 22.5
C6: 0.75 | F6: 85 | G6: 25 | H6: =IF(OR(F6="",G6=""),"",F6/100*G6) -> 21.25
C7: 0.85 | F7: 89 | G7: 25 | H7: =IF(OR(F7="",G7=""),"",F7/100*G7) -> 22.25
C8: 0.9 | F8: 75 | G8: 10 | H8: =IF(OR(F8="",G8=""),"",F8/100*G8) -> 7.5
C9: 0.86

Sheet Q3
B1: Formative Grades | E1: Summative Grades | K1: Calculated Totals
B2: Assignment Name | C2: Grade you got | E2: Assignment Name | F2: Grade you got | G2: Points | H2: Points Earned | K2: Formative | L2: Summative | M2: Total
C3: 0.9 | F3: 0.9 | G3: 9 | H3: =IF(OR(F3="",G3=""),"",F3/100*G3) -> 0.081 | K3: =IFERROR(AVERAGE(C4:C10),"") -> 0.81 | L3: =SUM(H:H)/SUM(G:G) -> 0.87852128 | M3: =0.6*L3+0.4*K3 -> 0.85111277
C4: 0.8 | F4: 9000% | G4: 10 | H4: =IF(OR(F4="",G4=""),"",F4/100*G4) -> 9
C5: 0.7 | F5: 90 | G5: 25 | H5: =IF(OR(F5="",G5=""),"",F5/100*G5) -> 22.5
C6: 0.75 | F6: 85 | G6: 25 | H6: =IF(OR(F6="",G6=""),"",F6/100*G6) -> 21.25
C7: 0.85 | F7: 89 | G7: 25 | H7: =IF(OR(F7="",G7=""),"",F7/100*G7) -> 22.25
C8: 0.9 | F8: 75 | G8: 10 | H8: =IF(OR(F8="",G8=""),"",F8/100*G8) -> 7.5
C9: 0.86

Sheet Q4
B1: Formative Grades | E1: Summative Grades | K1: Calculated Totals
B2: Assignment Name | C2: Grade you got | E2: Assignment Name | F2: Grade you got | G2: Points | H2: Points Earned | K2: Formative | L2: Summative | M2: Total
C3: 0.9 | F3: 0.9 | G3: 9 | H3: =IF(OR(F3="",G3=""),"",F3/100*G3) -> 0.081 | K3: =IFERROR(AVERAGE(C4:C10),"") -> 0.81 | L3: =SUM(H:H)/SUM(G:G) -> 0.87852128 | M3: =0.6*L3+0.4*K3 -> 0.85111277
C4: 0.8 | F4: 9000% | G4: 10 | H4: =IF(OR(F4="",G4=""),"",F4/100*G4) -> 9
C5: 0.7 | F5: 90 | G5: 25 | H5: =IF(OR(F5="",G5=""),"",F5/100*G5) -> 22.5
C6: 0.75 | F6: 85 | G6: 25 | H6: =IF(OR(F6="",G6=""),"",F6/100*G6) -> 21.25
C7: 0.85 | F7: 89 | G7: 25 | H7: =IF(OR(F7="",G7=""),"",F7/100*G7) -> 22.25
C8: 0.9 | F8: 75 | G8: 10 | H8: =IF(OR(F8="",G8=""),"",F8/100*G8) -> 7.5
C9: 0.86

Sheet qp_table
A2: Letter Grade | B2: QP | E2: Letter | F2: QP
A3: A | B3: 4 | E3: D | F3: =_xlfn.XLOOKUP(E3,A3:A10,B3:B10) -> 1
A4: B+ | B4: 3.5
A5: B | B5: 3
A6: C+ | B6: 2.5
A7: C | B7: 2
A8: D+ | B8: 1.5
A9: D | B9: 1
A10: E | B10: 0

Sheet quarter_grades
B2: Quarter | C2: Grade | D2: Letter | E2: QP
B3: Q1 | C3: 50 | D3: =VLOOKUP(Table3[[#This Row],[Grade]],grade_table!$A$2:$C$9,3,1) -> E | E3: =VLOOKUP(Table3[[#This Row],[Letter]],qp_table!A$3:B$10,2) -> 0
B4: Q2 | C4: 100 | D4: =VLOOKUP(Table3[[#This Row],[Grade]],grade_table!$A$2:$C$9,3,1) -> A | E4: =VLOOKUP(Table3[[#This Row],[Letter]],qp_table!A$3:B$10,2) -> 4
B5: Q3 | C5: 100 | D5: =VLOOKUP(Table3[[#This Row],[Grade]],grade_table!$A$2:$C$9,3,1) -> A | E5: =VLOOKUP(Table3[[#This Row],[Letter]],qp_table!A$3:B$10,2) -> 4
B6: Q4 | C6: 100 | D6: =VLOOKUP(Table3[[#This Row],[Grade]],grade_table!$A$2:$C$9,3,1) -> A | E6: =VLOOKUP(Table3[[#This Row],[Letter]],qp_table!A$3:B$10,2) -> 4
B8: Numeric Average | C8: =AVERAGE(C3:C6) -> 87.5 | E8: =AVERAGE(Table3[QP]) -> 3
B9: Letter | C9: =VLOOKUP(C8,grade_table!A2:C9,3,1) -> B+ | E9: =VLOOKUP(E8,Table1[[#All],[QP Low]:[QP High]],2,1) -> B

Sheet Your_QP_table
A1: QP Low | B1: Letter grade | C1: QP High | D1: Duel Enrollment2
A2: 0 | B2: E | C2: 0 | D2: 0
A3: 0.75 | B3: D | C3: 1 | D3: 2
A4: 1.25 | B4: D+ | C4: 1.5 | D4: 2.5
A5: 1.75 | B5: C | C5: 2 | D5: 3
A6: 2.25 | B6: C+ | C6: 2.5 | D6: 3.5
A7: 2.75 | B7: B | C7: 3 | D7: 4
A8: 3.25 | B8: B+ | C8: 3.5 | D8: 4.5
A9: 3.75 | B9: A | C9: 4 | D9: 5
